<?xml version="1.0" encoding="UTF-8" ?>
<!DOCTYPE configuration
        PUBLIC "-//mybatis.org//DTD Config 3.0//EN"
        "http://mybatis.org/dtd/mybatis-3-config.dtd">
<configuration>

    <settings>
        <!--使用缓存-->
        <setting name="cacheEnabled" value="true"/>
        <!--超时时间-->
        <setting name="defaultStatementTimeout" value="3000"/>
        <!--驼峰命名-->
        <setting name="mapUnderscoreToCamelCase" value="true"/>
        <!--使用CGLIB代理-->
        <setting name="proxyFactory" value="CGLIB"/>
        <!--延时加载-->
        <setting name="lazyLoadingEnabled" value="true"/>
    </settings>

    <!--配置分页插件-->
    <plugins>
        <plugin interceptor="com.github.pagehelper.PageHelper">
            <property name="dialect" value="mysql"/>
            <property name="offsetAsPageNum" value="true"/>
            <!--使用RowBounds分页会进行count查询-->
            <property name="rowBoundsWithCount" value="true"/>
            <!--若pageSize=0或RowBounds.limit=0就会查询出全部结果-->
            <!--相当于没有执行分页查询，但返回结果仍然是Page类型-->
            <property name="pageSizeZero" value="true"/>
        </plugin>
    </plugins>

</configuration>
