<?xml version="1.0" encoding="UTF-8"?>
<beans xmlns="http://www.springframework.org/schema/beans"
       xmlns:xsi="http://www.w3.org/2001/XMLSchema-instance"
       xmlns:context="http://www.springframework.org/schema/context" xmlns:tx="http://www.springframework.org/schema/tx"
       xsi:schemaLocation="http://www.springframework.org/schema/beans http://www.springframework.org/schema/beans/spring-beans.xsd http://www.springframework.org/schema/context http://www.springframework.org/schema/context/spring-context.xsd http://www.springframework.org/schema/cache http://www.springframework.org/schema/cache/spring-cache.xsd http://www.springframework.org/schema/tx http://www.springframework.org/schema/tx/spring-tx.xsd">

    <!--扫描业务层组建-->
    <context:component-scan base-package="com.ypf.feijibookserver.service"/>

    <!--c3po数据源-->
    <bean id="dataSource" class="com.mchange.v2.c3p0.ComboPooledDataSource">
        <property name="driverClass" value="com.mysql.jdbc.Driver"/>
        <property name="jdbcUrl" value="jdbc:mysql://127.0.0.1:3306/feijibook?characterEncoding=UTF-8&amp;allowMultiQueries=true" />
        <property name="user" value="root"/>
        <property name="password" value="123456"/>
        <property name="minPoolSize" value="1"/>
        <property name="maxPoolSize" value="5"/>
        <property name="initialPoolSize" value="1"/>
        <property name="acquireIncrement" value="1"/>
    </bean>

    <!--使用注解来控制事物-->
    <tx:annotation-driven transaction-manager="transactionManager"/>

    <!--配置一个事物管理器-->
    <bean id="transactionManager" class="org.springframework.jdbc.datasource.DataSourceTransactionManager">
        <property name="dataSource" ref="dataSource"/>
    </bean>

    <bean id="sqlSessionFactory" class="org.mybatis.spring.SqlSessionFactoryBean">

        <property name="dataSource" ref="dataSource"/>
        <property name="configLocation" value="classpath:mybatis-config.xml"/>
        <property name="mapperLocations">
            <list>
                <value>classpath:mapper/*.xml</value>
            </list>
        </property>
    </bean>

    <!--扫描生成所有的dao层对象-->
    <bean class="org.mybatis.spring.mapper.MapperScannerConfigurer">
        <property name="basePackage" value="com.ypf.feijibookserver.dao"/>
        <property name="sqlSessionFactoryBeanName" value="sqlSessionFactory"/>
    </bean>
</beans>